{"is_source_file": false, "format": "", "description": "", "external_files": [], "external_methods": [], "published": [], "classes": [], "methods": [], "calls": [], "search-terms": [], "state": 2, "file_id": 24, "knowledge_revision": 49, "git_revision": "85c51dfa6c11c27dc1eb91544fe66fed34832631", "hash": "3a62167714c662eac45e271c9b7fc919", "format-version": 4, "code-base-name": "tic_tac_toe_frontend", "filename": "README.md", "revision_history": [{"49": "85c51dfa6c11c27dc1eb91544fe66fed34832631"}]}