{"is_source_file": true, "format": "TypeScript", "description": "Vite configuration file for a Vue.js project, setting up plugins and development server options.", "external_files": ["node:url", "vite", "@vitejs/plugin-vue", "@vitejs/plugin-vue-jsx", "vite-plugin-vue-devtools"], "external_methods": ["fileURLToPath", "URL", "defineConfig"], "published": [], "classes": [], "methods": [{"name": "defineConfig", "description": "Defines and exports Vite configuration settings with specified plugins and server options."}], "calls": ["vue()", "vueJsx()", "vueDevTools()", "fileURLToPath()", "new URL()"], "search-terms": ["vite.config.ts", "vue", "Vite", "Vue plugin", "development server", "alias"], "state": 2, "file_id": 9, "knowledge_revision": 31, "git_revision": "5665be7b9acb5ad8f5c01ae8f598f606b0014c64", "ctags": [], "hash": "651273496df370ea0757c4c61a2c9ee4", "format-version": 4, "code-base-name": "tic_tac_toe_frontend", "filename": "tic_tac_toe_frontend/vite.config.ts", "revision_history": [{"31": "5665be7b9acb5ad8f5c01ae8f598f606b0014c64"}]}