{"is_source_file": true, "format": "TypeScript", "description": "This file is an ESLint configuration file for a Vue.js project, setting up linting rules, plugin configurations, and file ignore patterns.", "external_files": ["eslint-plugin-vue", "@vue/eslint-config-typescript", "@vitest/eslint-plugin", "@vue/eslint-config-prettier/skip-formatting"], "external_methods": [], "published": [], "classes": [], "methods": [{"name": "defineConfigWithVueTs", "description": "Function to define ESLint configuration with Vue and TypeScript support."}], "calls": ["defineConfigWithVueTs"], "search-terms": ["eslint-config", "vue", "typescript", "eslint-plugin-vue", "vitest", "eslint", "eslint.config.ts", "linting", "eslint", "eslint-plugin", "configureVueProject"], "state": 2, "file_id": 23, "knowledge_revision": 37, "git_revision": "5665be7b9acb5ad8f5c01ae8f598f606b0014c64", "ctags": [], "hash": "e25c340ceed14d09bdaf1f13a69b34bc", "format-version": 4, "code-base-name": "tic_tac_toe_frontend", "filename": "tic_tac_toe_frontend/eslint.config.ts", "revision_history": [{"37": "5665be7b9acb5ad8f5c01ae8f598f606b0014c64"}]}