{"is_source_file": true, "format": "TypeScript/TSLint ESLint configuration", "description": "Configuration file for ESLint in a Vue.js project using TypeScript, Vitest, and Prettier. It sets up rules, plugins, and ignores for linting Vue, TypeScript, and test files.", "external_files": ["eslint-plugin-vue", "@vue/eslint-config-typescript", "@vitest/eslint-plugin", "@vue/eslint-config-prettier/skip-formatting"], "external_methods": [], "published": [], "classes": [], "methods": [{"name": "defineConfigWithVueTs", "description": "Function to define the ESLint configuration with Vue and TypeScript support."}], "calls": ["defineConfigWithVueTs"], "search-terms": ["eslint", "vue", "typescript", "vitest", "eslint-config-typescript", "prettier", "eslint-plugin-vue", "eslint.config.ts"], "state": 2, "file_id": 23, "knowledge_revision": 57, "git_revision": "5665be7b9acb5ad8f5c01ae8f598f606b0014c64", "ctags": [], "hash": "e25c340ceed14d09bdaf1f13a69b34bc", "format-version": 4, "code-base-name": "tic_tac_toe_frontend", "filename": "tic_tac_toe_frontend/eslint.config.ts", "revision_history": [{"57": "5665be7b9acb5ad8f5c01ae8f598f606b0014c64"}]}