{"is_source_file": true, "format": "TypeScript", "description": "Configuration file for Vitest testing setup, merging custom settings with Vite configuration.", "external_files": ["./vite.config"], "external_methods": ["mergeConfig", "defineConfig", "configDefaults.exclude", "fileURLToPath"], "published": [], "classes": [], "methods": [{"name": "mergeConfig", "description": "Function to merge multiple configuration objects for Vitest."}, {"name": "defineConfig", "description": "Function to define and export Vitest configuration object."}, {"name": "fileURLToPath", "description": "Function converting a URL object to a filesystem path."}], "calls": ["mergeConfig", "defineConfig", "fileURLToPath"], "search-terms": ["vitest.config.ts", "mergeConfig", "defineConfig", "viteConfig", "jsdom"], "state": 2, "file_id": 3, "knowledge_revision": 33, "git_revision": "5665be7b9acb5ad8f5c01ae8f598f606b0014c64", "ctags": [], "hash": "fbf1ae958316eb66f11ca04b23d38fff", "format-version": 4, "code-base-name": "tic_tac_toe_frontend", "filename": "tic_tac_toe_frontend/vitest.config.ts", "revision_history": [{"33": "5665be7b9acb5ad8f5c01ae8f598f606b0014c64"}]}