{"is_source_file": true, "format": "TypeScript declaration file (.d.ts)", "description": "Type declaration file for Vite environment, providing type references for 'vite/client'.", "external_files": ["vite/client"], "external_methods": [], "published": [], "classes": [], "methods": [], "calls": [], "search-terms": ["env.d.ts", "vite", "reference types", "typescript declaration"], "state": 2, "file_id": 19, "knowledge_revision": 56, "git_revision": "5665be7b9acb5ad8f5c01ae8f598f606b0014c64", "ctags": [], "hash": "0352474ba2918efe13895edbc3780d94", "format-version": 4, "code-base-name": "tic_tac_toe_frontend", "filename": "tic_tac_toe_frontend/env.d.ts", "revision_history": [{"56": "5665be7b9acb5ad8f5c01ae8f598f606b0014c64"}]}