{"is_source_file": true, "format": "TypeScript", "description": "Source code for a Vue.js store module using Pinia, defining a counter with reactive state and computed properties.", "external_files": ["vue", "pinia"], "external_methods": ["ref", "computed", "defineStore"], "published": ["useCounterStore"], "classes": [], "methods": [{"name": "increment", "description": "Function to increment the counter value."}], "calls": ["ref(0)", "computed(() => count.value * 2)", "count.value++"], "search-terms": ["Pinia", "Vue store", "counter", "counter.ts", "state management"], "state": 2, "file_id": 10, "knowledge_revision": 53, "git_revision": "5665be7b9acb5ad8f5c01ae8f598f606b0014c64", "ctags": [{"_type": "tag", "name": "useCounterStore", "path": "/home/kavia/workspace/code-generation/vue-tic-tac-toe-309750-309759/tic_tac_toe_frontend/src/stores/counter.ts", "pattern": "/^export const useCounterStore = defineStore('counter', () => {$/", "language": "TypeScript", "kind": "constant"}], "hash": "d59fe2308d4bf67b9997286fa5adedde", "format-version": 4, "code-base-name": "tic_tac_toe_frontend", "filename": "tic_tac_toe_frontend/src/stores/counter.ts", "revision_history": [{"53": "5665be7b9acb5ad8f5c01ae8f598f606b0014c64"}]}