{"is_source_file": false, "format": "", "description": "", "external_files": [], "external_methods": [], "published": [], "classes": [], "methods": [], "calls": [], "search-terms": [], "state": 2, "file_id": 2, "knowledge_revision": 24, "git_revision": "5665be7b9acb5ad8f5c01ae8f598f606b0014c64", "hash": "16d46f4ac727f241373787684e155ff4", "format-version": 4, "code-base-name": "tic_tac_toe_frontend", "filename": "tic_tac_toe_frontend/tsconfig.app.json", "revision_history": [{"24": "5665be7b9acb5ad8f5c01ae8f598f606b0014c64"}]}