{"is_source_file": false, "format": "", "description": "", "external_files": [], "external_methods": [], "published": [], "classes": [], "methods": [], "calls": [], "search-terms": [], "state": 2, "file_id": 14, "knowledge_revision": 25, "git_revision": "5665be7b9acb5ad8f5c01ae8f598f606b0014c64", "hash": "df655eb460551faf2825b56a9dbf49be", "format-version": 4, "code-base-name": "tic_tac_toe_frontend", "filename": "tic_tac_toe_frontend/index.html", "revision_history": [{"25": "5665be7b9acb5ad8f5c01ae8f598f606b0014c64"}]}