{"is_source_file": false, "format": "", "description": "", "external_files": [], "external_methods": [], "published": [], "classes": [], "methods": [], "calls": [], "search-terms": [], "state": 2, "file_id": 20, "knowledge_revision": 48, "git_revision": "5665be7b9acb5ad8f5c01ae8f598f606b0014c64", "hash": "b94953f0120097438a9c314b8f57cac3", "format-version": 4, "code-base-name": "tic_tac_toe_frontend", "filename": "tic_tac_toe_frontend/package.json", "revision_history": [{"48": "5665be7b9acb5ad8f5c01ae8f598f606b0014c64"}]}