{"is_source_file": true, "format": "TypeScript (Vue.js entry file)", "description": "This file is the main entry point for a Vue.js application. It imports styles, sets up the Vue app with Pinia (state management) and router, and mounts the app to the DOM.", "external_files": ["./assets/main.css", "./App.vue", "./router"], "external_methods": ["createApp", "createPinia"], "published": [], "classes": [], "methods": [{"name": "app.use", "description": "Method to register plugins (Pinia and router) with the Vue application instance."}, {"name": "app.mount", "description": "Method to mount the Vue application to a DOM element."}], "calls": ["createApp(App)", "app.use(createPinia())", "app.use(router)", "app.mount('#app')"], "search-terms": ["main.ts", "Vue app initialization", "Pinia", "router setup", "createApp", "app.mount"], "state": 2, "file_id": 10, "knowledge_revision": 34, "git_revision": "5665be7b9acb5ad8f5c01ae8f598f606b0014c64", "ctags": [{"_type": "tag", "name": "app", "path": "/home/kavia/workspace/code-generation/vue-tic-tac-toe-309750-309759/tic_tac_toe_frontend/src/main.ts", "pattern": "/^const app = createApp(App)$/", "language": "TypeScript", "kind": "constant"}], "hash": "787582f2e0c8ceb362a78df92c25daaa", "format-version": 4, "code-base-name": "tic_tac_toe_frontend", "filename": "tic_tac_toe_frontend/src/main.ts", "revision_history": [{"34": "5665be7b9acb5ad8f5c01ae8f598f606b0014c64"}]}