{"is_source_file": true, "format": "TypeScript (Vue Router configuration)", "description": "This file defines the routing configuration for a Vue.js application, setting up routes and their associated components.", "external_files": ["../views/HomeView.vue", "../views/AboutView.vue"], "external_methods": ["createRouter", "createWebHistory", "import"], "published": ["router"], "classes": [], "methods": [], "calls": ["createRouter", "createWebHistory", "import"], "search-terms": ["vue-router", "createRouter", "createWebHistory", "routes", "HomeView.vue", "AboutView.vue", "router", "index.ts"], "state": 2, "file_id": 12, "knowledge_revision": 50, "git_revision": "5665be7b9acb5ad8f5c01ae8f598f606b0014c64", "ctags": [{"_type": "tag", "name": "router", "path": "/home/kavia/workspace/code-generation/vue-tic-tac-toe-309750-309759/tic_tac_toe_frontend/src/router/index.ts", "pattern": "/^const router = createRouter({$/", "language": "TypeScript", "kind": "constant"}], "hash": "02a9178fa62f3f68233f38a3fec1a798", "format-version": 4, "code-base-name": "tic_tac_toe_frontend", "filename": "tic_tac_toe_frontend/src/router/index.ts", "revision_history": [{"50": "5665be7b9acb5ad8f5c01ae8f598f606b0014c64"}]}