{"is_source_file": true, "format": "TypeScript", "description": "This file defines a store for managing a counter state in a Vue.js frontend application using Pinia. It includes reactive state, computed properties, and methods for state manipulation.", "external_files": ["vue", "pinia"], "external_methods": ["ref", "computed", "defineStore"], "published": ["useCounterStore"], "classes": [], "methods": [{"name": "increment", "description": "Increments the counter value by one."}], "calls": ["ref(0)", "computed(() => count.value * 2)"], "search-terms": ["Pinia counter store", "counter.js", "counter store", "Vue reactive state", "counter.ts"], "state": 2, "file_id": 18, "knowledge_revision": 35, "git_revision": "5665be7b9acb5ad8f5c01ae8f598f606b0014c64", "ctags": [{"_type": "tag", "name": "useCounterStore", "path": "/home/kavia/workspace/code-generation/vue-tic-tac-toe-309750-309759/tic_tac_toe_frontend/src/stores/counter.ts", "pattern": "/^export const useCounterStore = defineStore('counter', () => {$/", "language": "TypeScript", "kind": "constant"}], "hash": "d59fe2308d4bf67b9997286fa5adedde", "format-version": 4, "code-base-name": "tic_tac_toe_frontend", "filename": "tic_tac_toe_frontend/src/stores/counter.ts", "revision_history": [{"35": "5665be7b9acb5ad8f5c01ae8f598f606b0014c64"}]}