{"is_source_file": true, "format": "TypeScript", "description": "This file is a Vite configuration file written in TypeScript for a Vue.js project. It sets up plugins, path resolution, server options, and other build configurations.", "external_files": ["node:url", "@vitejs/plugin-vue", "vite-plugin-vue-devtools"], "external_methods": ["fileURLToPath", "defineConfig"], "published": ["default"], "classes": [], "methods": [{"name": "defineConfig", "description": "Defines and exports the Vite configuration object."}], "calls": ["vue()", "vueJsx()", "vueDevTools()", "fileURLToPath()", "new URL()"], "search-terms": ["vite.config.ts", "Vue", "Vite", "plugins", "resolve.alias", "server.host", "server.allowedHosts", "server.port", "strictPort", "cors", "headers", "watch.usePolling"], "state": 2, "file_id": 12, "knowledge_revision": 37, "git_revision": "5665be7b9acb5ad8f5c01ae8f598f606b0014c64", "ctags": [], "hash": "651273496df370ea0757c4c61a2c9ee4", "format-version": 4, "code-base-name": "tic_tac_toe_frontend", "filename": "tic_tac_toe_frontend/vite.config.ts", "revision_history": [{"37": "5665be7b9acb5ad8f5c01ae8f598f606b0014c64"}]}