{"is_source_file": false, "format": "", "description": "", "external_files": [], "external_methods": [], "published": [], "classes": [], "methods": [], "calls": [], "search-terms": [":root", "--vt-c-", "color palette", "css variables", "dark mode media query", "body styles"], "state": 2, "file_id": 20, "knowledge_revision": 33, "git_revision": "5665be7b9acb5ad8f5c01ae8f598f606b0014c64", "hash": "ba0153342dfaec946dde1a459ead6fda", "format-version": 4, "code-base-name": "tic_tac_toe_frontend", "filename": "tic_tac_toe_frontend/src/assets/base.css", "revision_history": [{"33": "5665be7b9acb5ad8f5c01ae8f598f606b0014c64"}]}