{"is_source_file": false, "format": "", "description": "", "external_files": [], "external_methods": [], "published": [], "classes": [], "methods": [], "calls": [], "search-terms": [], "state": 2, "file_id": 13, "knowledge_revision": 43, "git_revision": "5665be7b9acb5ad8f5c01ae8f598f606b0014c64", "hash": "ddeb0312502c350e406609614814719e", "format-version": 4, "code-base-name": "tic_tac_toe_frontend", "filename": "tic_tac_toe_frontend/tsconfig.vitest.json", "revision_history": [{"43": "5665be7b9acb5ad8f5c01ae8f598f606b0014c64"}]}