{"is_source_file": true, "format": "TypeScript (Vue.js router configuration)", "description": "This file sets up routing for a Vue.js frontend application, defining paths and lazy-loading components.", "external_files": ["../views/HomeView.vue", "../views/AboutView.vue"], "external_methods": [], "published": ["router"], "classes": [], "methods": [{"name": "createRouter", "description": "Creates a router instance with specified history mode and routes."}, {"name": "createWebHistory", "description": "Creates a HTML5 history mode for the router."}], "calls": ["createRouter", "createWebHistory", "import"], "search-terms": ["vue-router", "createRouter", "createWebHistory", "route configuration", "lazy-loaded components", "vue-router index"], "state": 2, "file_id": 17, "knowledge_revision": 32, "git_revision": "5665be7b9acb5ad8f5c01ae8f598f606b0014c64", "ctags": [{"_type": "tag", "name": "router", "path": "/home/kavia/workspace/code-generation/vue-tic-tac-toe-309750-309759/tic_tac_toe_frontend/src/router/index.ts", "pattern": "/^const router = createRouter({$/", "language": "TypeScript", "kind": "constant"}], "hash": "02a9178fa62f3f68233f38a3fec1a798", "format-version": 4, "code-base-name": "tic_tac_toe_frontend", "filename": "tic_tac_toe_frontend/src/router/index.ts", "revision_history": [{"32": "5665be7b9acb5ad8f5c01ae8f598f606b0014c64"}]}