{"is_source_file": true, "format": "TypeScript", "description": "Configuration file for Vitest testing framework, merging existing Vite configuration with test-specific settings.", "external_files": ["./vite.config"], "external_methods": ["mergeConfig", "defineConfig", "configDefaults"], "published": ["default"], "classes": [], "methods": [{"name": "mergeConfig", "description": "Merges multiple configuration objects into a single configuration."}, {"name": "defineConfig", "description": "Defines a Vite configuration object."}], "calls": ["mergeConfig", "defineConfig", "fileURLToPath"], "search-terms": ["vitest.config.ts", "mergeConfig", "defineConfig", "test environment", "jsdom", "vite", "viteConfig"], "state": 2, "file_id": 8, "knowledge_revision": 30, "git_revision": "5665be7b9acb5ad8f5c01ae8f598f606b0014c64", "ctags": [], "hash": "fbf1ae958316eb66f11ca04b23d38fff", "format-version": 4, "code-base-name": "tic_tac_toe_frontend", "filename": "tic_tac_toe_frontend/vitest.config.ts", "revision_history": [{"30": "5665be7b9acb5ad8f5c01ae8f598f606b0014c64"}]}