{"is_source_file": true, "format": "TypeScript", "description": "ESLint configuration file for a Vue.js project using TypeScript, Vitest testing framework, and Prettier formatting. It defines linting rules, plugin integrations, and file ignore patterns.", "external_files": ["eslint-plugin-vue", "@vue/eslint-config-typescript", "@vitest/eslint-plugin", "@vue/eslint-config-prettier/skip-formatting"], "external_methods": [], "published": [], "classes": [], "methods": [{"name": "defineConfigWithVueTs", "description": "Function to define ESLint configuration with Vue and TypeScript support."}], "calls": ["defineConfigWithVueTs"], "search-terms": ["eslint", "vue", "typescript", "vitest", "prettier", "eslint-plugin-vue", "eslint-config-typescript", "eslint-plugin", "skip-formatting", "eslint.config.ts"], "state": 2, "file_id": 1, "knowledge_revision": 30, "git_revision": "5665be7b9acb5ad8f5c01ae8f598f606b0014c64", "ctags": [], "hash": "e25c340ceed14d09bdaf1f13a69b34bc", "format-version": 4, "code-base-name": "tic_tac_toe_frontend", "filename": "tic_tac_toe_frontend/eslint.config.ts", "revision_history": [{"30": "5665be7b9acb5ad8f5c01ae8f598f606b0014c64"}]}