{"is_source_file": true, "format": "TypeScript (Vue.js)", "description": "Main entry point for a Vue.js application that sets up the app instance, registers plugins (Pinia store and router), and mounts the application to the DOM.", "external_files": ["./assets/main.css", "./App.vue", "./router"], "external_methods": ["createApp", "createPinia"], "published": [], "classes": [], "methods": [{"name": "app.use", "description": "Registers a plugin or module within the Vue application."}, {"name": "app.mount", "description": "Mounts the Vue application to a specified DOM element."}], "calls": ["createApp(App)", "app.use(createPinia())", "app.use(router)", "app.mount('#app')"], "search-terms": ["main.ts", "vue app initialization", "pinia", "router", "mount"], "state": 2, "file_id": 21, "knowledge_revision": 38, "git_revision": "5665be7b9acb5ad8f5c01ae8f598f606b0014c64", "ctags": [{"_type": "tag", "name": "app", "path": "/home/kavia/workspace/code-generation/vue-tic-tac-toe-309750-309759/tic_tac_toe_frontend/src/main.ts", "pattern": "/^const app = createApp(App)$/", "language": "TypeScript", "kind": "constant"}], "hash": "787582f2e0c8ceb362a78df92c25daaa", "format-version": 4, "code-base-name": "tic_tac_toe_frontend", "filename": "tic_tac_toe_frontend/src/main.ts", "revision_history": [{"38": "5665be7b9acb5ad8f5c01ae8f598f606b0014c64"}]}