{"is_source_file": true, "format": "TypeScript", "description": "Configuration file for Vitest, a testing framework for JavaScript/TypeScript projects, which merges custom test settings with existing Vite configuration.", "external_files": ["./vite.config"], "external_methods": ["mergeConfig", "defineConfig"], "published": [], "classes": [], "methods": [{"name": "mergeConfig", "description": "Merges two configuration objects, typically combining default and custom test configurations."}, {"name": "defineConfig", "description": "Defines and validates a configuration object for Vitest."}], "calls": ["mergeConfig", "defineConfig", "fileURLToPath", "new URL"], "search-terms": ["vitest", "vitest.config.ts", "test environment", "mergeConfig", "defineConfig", "configDefaults", "vite.config"], "state": 2, "file_id": 14, "knowledge_revision": 55, "git_revision": "5665be7b9acb5ad8f5c01ae8f598f606b0014c64", "ctags": [], "hash": "fbf1ae958316eb66f11ca04b23d38fff", "format-version": 4, "code-base-name": "tic_tac_toe_frontend", "filename": "tic_tac_toe_frontend/vitest.config.ts", "revision_history": [{"55": "5665be7b9acb5ad8f5c01ae8f598f606b0014c64"}]}