{"is_source_file": true, "format": "TypeScript", "description": "This is the main entry point for a Vue.js frontend application, setting up the Vue app with Pinia (state management) and routing, then mounting it to the DOM.", "external_files": ["./assets/main.css", "./App.vue", "./router"], "external_methods": ["createApp", "createPinia"], "published": [], "classes": [], "methods": [{"name": "app.use", "description": "Method to add plugins (Pinia and router) to the Vue app instance."}, {"name": "app.mount", "description": "Method to mount the Vue app to a DOM element."}], "calls": ["createApp", "createPinia", "app.use", "app.mount"], "search-terms": ["main.ts", "vue createApp", "Pinia", "router", "mount"], "state": 2, "file_id": 11, "knowledge_revision": 52, "git_revision": "5665be7b9acb5ad8f5c01ae8f598f606b0014c64", "ctags": [{"_type": "tag", "name": "app", "path": "/home/kavia/workspace/code-generation/vue-tic-tac-toe-309750-309759/tic_tac_toe_frontend/src/main.ts", "pattern": "/^const app = createApp(App)$/", "language": "TypeScript", "kind": "constant"}], "hash": "787582f2e0c8ceb362a78df92c25daaa", "format-version": 4, "code-base-name": "tic_tac_toe_frontend", "filename": "tic_tac_toe_frontend/src/main.ts", "revision_history": [{"52": "5665be7b9acb5ad8f5c01ae8f598f606b0014c64"}]}