{"is_source_file": false, "format": "", "description": "", "external_files": [], "external_methods": [], "published": [], "classes": [], "methods": [], "calls": [], "search-terms": [], "state": 2, "file_id": 7, "knowledge_revision": 20, "git_revision": "5665be7b9acb5ad8f5c01ae8f598f606b0014c64", "hash": "5f6ac400254ae78f846c01e589ea110c", "format-version": 4, "code-base-name": "tic_tac_toe_frontend", "filename": "tic_tac_toe_frontend/src/assets/main.css", "revision_history": [{"20": "5665be7b9acb5ad8f5c01ae8f598f606b0014c64"}]}