{"is_source_file": false, "format": "", "description": "", "external_files": [], "external_methods": [], "published": [], "classes": [], "methods": [], "calls": [], "search-terms": [], "state": 2, "file_id": 10, "knowledge_revision": 21, "git_revision": "5665be7b9acb5ad8f5c01ae8f598f606b0014c64", "hash": "aec40fdcbdacf2e95abf0e4c2969429d", "format-version": 4, "code-base-name": "tic_tac_toe_frontend", "filename": "tic_tac_toe_frontend/tsconfig.json", "revision_history": [{"21": "5665be7b9acb5ad8f5c01ae8f598f606b0014c64"}]}