{"is_source_file": true, "format": "TypeScript (Vue + Pinia)", "description": "This file defines a Pinia store for managing a counter in a Vue.js frontend application. It sets up reactive state, computed properties, and actions related to the counter.", "external_files": ["vue", "pinia"], "external_methods": ["ref", "computed", "defineStore"], "published": ["useCounterStore"], "classes": [], "methods": [{"name": "increment", "description": "Function to increment the counter value"}], "calls": ["ref", "computed", "defineStore"], "search-terms": ["counter", "vue", "pinia", "store", "counter store", "useCounterStore"], "state": 2, "file_id": 9, "knowledge_revision": 35, "git_revision": "5665be7b9acb5ad8f5c01ae8f598f606b0014c64", "ctags": [{"_type": "tag", "name": "useCounterStore", "path": "/home/kavia/workspace/code-generation/vue-tic-tac-toe-309750-309759/tic_tac_toe_frontend/src/stores/counter.ts", "pattern": "/^export const useCounterStore = defineStore('counter', () => {$/", "language": "TypeScript", "kind": "constant"}], "hash": "d59fe2308d4bf67b9997286fa5adedde", "format-version": 4, "code-base-name": "tic_tac_toe_frontend", "filename": "tic_tac_toe_frontend/src/stores/counter.ts", "revision_history": [{"35": "5665be7b9acb5ad8f5c01ae8f598f606b0014c64"}]}