{"is_source_file": true, "format": "TypeScript", "description": "Configuration file for Vite build tool in a Vue.js project, setting up plugins, module resolution, server options, and other build settings.", "external_files": ["node:url", "@vitejs/plugin-vue", "@vitejs/plugin-vue-jsx", "vite-plugin-vue-devtools"], "external_methods": ["fileURLToPath", "URL", "defineConfig", "vue", "vueJsx", "vueDevTools"], "published": [], "classes": [], "methods": [{"name": "defineConfig", "description": "Defines and exports the Vite configuration object."}], "calls": ["vue()", "vueJsx()", "vueDevTools()", "fileURLToPath()", "new URL()"], "search-terms": ["vite.config.ts", "defineConfig", "vue plugin", "server configuration", "resolve alias", "watch polling", "vue-devtools"], "state": 2, "file_id": 17, "knowledge_revision": 54, "git_revision": "5665be7b9acb5ad8f5c01ae8f598f606b0014c64", "ctags": [], "hash": "651273496df370ea0757c4c61a2c9ee4", "format-version": 4, "code-base-name": "tic_tac_toe_frontend", "filename": "tic_tac_toe_frontend/vite.config.ts", "revision_history": [{"54": "5665be7b9acb5ad8f5c01ae8f598f606b0014c64"}]}