{"is_source_file": false, "format": "", "description": "", "external_files": [], "external_methods": [], "published": [], "classes": [], "methods": [], "calls": [], "search-terms": [], "state": 2, "file_id": 16, "knowledge_revision": 46, "git_revision": "5665be7b9acb5ad8f5c01ae8f598f606b0014c64", "hash": "806eeecd1f9b30d3af064ea8984f68d2", "format-version": 4, "code-base-name": "tic_tac_toe_frontend", "filename": "tic_tac_toe_frontend/README.md", "revision_history": [{"46": "5665be7b9acb5ad8f5c01ae8f598f606b0014c64"}]}